<?xml version="1.0"?>
<scrollcontent>

<sectiontitle>
<![CDATA[<font face='Arial Black' size='14' color='#999999'>Section Title</font>]]>
</sectiontitle>

<sectioncontent>
<![CDATA[<p align='justify'><font face='Arial Black' size='14' color='#999999'>Topic Heading</font><br /><br /><font face='Arial' size='12' color='#999999'>Lorem ipsum dolor sit amet, consectetuer adipiscing elit. Quisque ac leo at libero tincidunt ultrices. Proin bibendum. Quisque vel purus scelerisque orci dictum porta. Pellentesque nisi. Donec nisl. Maecenas id nisi in ante tempor accumsan.<img src='images/pic1.jpg' vspace='12' hspace='75'><br /><br /><br /><br /><br /><b> Nunc turpis risus</b>, eleifend vitae, venenatis quis, blandit in, mi. Nunc semper fringilla tortor. Proin molestie, velit sit amet accumsan aliquam, odio risus sagittis enim, sit amet nonummy arcu sapien congue ante. Vestibulum ante ipsum primis in faucibus orci luctus et ultrices posuere cubilia Curae; Vivamus rutrum eros id erat tincidunt scelerisque.<img src='images/pic2.jpg' vspace='12' hspace='75'><br /><br /><br /><br /><br /><font face='Arial Black' size='12' color='#999999'> Topic Sub-heading</font><br /><br /><i>&quot;Phasellus et lectus. Praesent diam velit, dignissim a, aliquam in, gravida at, orci. Aenean ullamcorper dolor id lorem. Aenean consequat ligula tempor nulla. Duis congue.&quot;</i><img src='images/pic3.jpg' vspace='12' hspace='75'><br /><br /><br /><br /><br /> Aliquam lorem lectus, eleifend sit amet, consectetuer in, imperdiet quis, est. Nullam ante sem, pulvinar ut, tempus eu, molestie vitae, purus. Integer justo.<img src='images/pic4.jpg' vspace='12' hspace='75'></p>]]>
</sectioncontent>

</scrollcontent>